spacing_rule,design_geometry,layer_count,aspect_ratio,feature_count,target
3.807947176588889,10.071513513092363,4,1.7412783831594547,12,0
9.51207163345817,27.553146421539548,3,1.6467916919820764,19,1
7.34674002393291,43.77434595794401,3,1.3602934271833598,13,0
6.026718993550662,36.879019434068496,3,1.9340707154178998,7,0
1.6445845403801216,40.52149624521104,4,0.8007117732926041,7,1
1.6443457513284063,33.28038496882515,2,0.6638963154644322,8,0
0.6750277604651747,34.92155166137477,4,1.780942950433133,9,1
8.675143843171858,42.61058692670065,2,1.1587247249506225,14,0
6.051038616257767,13.23373243410011,4,1.7704532813105907,5,1
7.10991852018085,24.981823218513885,4,1.8396353077931225,19,1
0.3037864935284442,11.83926264916051,2,0.5936863904286072,19,1
9.702107536403744,49.3957323918357,3,1.825197144479091,11,0
8.341182143924176,47.25890764464405,2,1.1724785830541333,13,0
2.202157195714934,2.931913757056789,1,1.2656487335063482,12,0
1.9000671753502962,35.57318345326873,1,1.4398887666398155,19,0
1.915704647548995,46.33716755336763,2,1.88957391009513,19,0
3.1119982052994235,9.848191911239343,4,0.5286741416446461,9,0
5.295088673159155,28.829316297078844,1,1.2152652024767256,18,0
4.376255684556946,45.85892658181405,1,1.531583063645841,18,0
2.983168487960615,2.663352950704143,4,1.5840604365473427,8,0
6.157343657751556,35.17359309509516,4,1.5387986473056618,16,0
1.4809892204552142,15.570101361254988,3,0.7016526941121828,11,0
2.99223202049866,46.29541357344999,4,0.9490933825575218,9,0
3.726982248607548,48.58185401310302,2,1.0380732881255201,11,0
4.615092843748656,47.269057966558265,2,1.7066558115192576,16,1
7.873242017790835,24.236496616215724,3,0.9181398086218295,5,0
2.0767704433677614,43.240089898476356,1,0.8160574458008047,5,0
5.190920940294755,42.38292052821845,1,1.9361720285571442,14,0
5.96490423173422,16.635923188919527,4,0.5132949276702033,18,0
0.5598590859279775,41.61685823338319,2,1.9967312835229674,17,1
6.1146940338242395,2.8133741010591384,1,1.5152319482860934,7,0
1.7881888245041864,30.2172240456206,3,1.7427039491736755,18,1
0.7440107705542672,12.27043302709745,3,0.9419290945192897,15,0
9.493966818808,6.907777403086662,2,0.52147291650059,6,0
9.659757127438137,4.770706879831248,3,1.606804277842295,6,1
8.103133746352965,35.11815001802885,3,1.7512168955010137,11,1
3.11567631481637,17.65387322463524,2,1.6107141979302786,16,1
1.0669539286632004,36.51357180490931,4,0.7142754309512579,14,0
6.873906962470353,4.202460699148176,4,1.6301418833854537,6,0
4.457509688022053,16.44922655369991,3,1.6533841731614616,15,0
1.3081785249633104,27.435073326391525,4,1.4878107735050823,8,0
5.002251410101574,39.745435077109214,4,1.6491738991933793,6,0
0.4404463590406621,16.618872643671423,3,1.7688821595165982,10,1
9.102271980579943,31.668677445413447,4,1.4204061713561877,12,1
2.6619218178401676,44.41290966357317,3,0.6329070709545186,14,0
6.658970615104422,31.177296220932924,1,1.2314417145008163,8,0
3.1859396532851685,12.415014262928054,2,0.6164740020074075,19,0
5.248673409660327,2.195638296270363,2,1.1113145465486463,9,0
5.5124317654984685,43.63484482114556,4,1.1106597336884414,8,0
1.9300591097027178,2.04220113166897,4,0.5990147662103624,7,0
9.69888781486913,43.86038196152577,4,1.023230800954219,9,0
7.773814951275034,26.91791956733339,2,0.6664971481869723,18,0
9.401039521485473,47.01431722713191,1,1.7123528150138332,13,0
8.958790769233723,40.1403785529096,1,1.921532038946706,12,1
6.019209790229743,49.898771416133535,2,0.6084747128869079,12,0
9.226554926728857,18.184878957133797,1,1.9326728109375522,12,0
0.976075770314003,38.59222615762522,2,1.2838648990051178,16,0
2.0402303379495375,20.694614766852865,1,0.9493485169308109,12,0
0.5477501602143269,24.513905394891534,3,0.6152931129142453,11,0
3.3207702745563172,31.747767697700134,3,1.2509364021056268,12,0
3.9479051679258723,43.8101785951306,2,1.691773316736123,15,1
2.78635541456157,49.22008999076546,1,1.5606297159000473,18,1
8.3045013406041,38.64539727936139,4,0.5753390171959607,12,0
3.631857934266534,21.470572326199353,1,0.6093527530518552,17,0
2.8812516459050697,21.64649311157644,3,1.1043099239489558,18,0
5.47269122326666,37.14153277785568,3,0.9429357410719149,12,0
1.4951498272501504,12.700080142646815,1,0.8485764845840718,16,0
8.041750109464994,6.4132315434383385,1,0.9215067483630703,14,0
0.8380513724297312,18.37648572439805,4,1.7052241149453269,11,1
9.870180672345121,15.074710591050005,4,1.893842080447781,16,0
7.7452232160369086,15.519097902343514,1,1.1076540417913496,5,0
2.0672852471883068,12.446779801445587,1,1.8591665031987457,8,0
0.15466895952366377,3.0625662921817325,1,0.9822435518718229,17,0
8.173068141702858,1.8758228019372767,1,1.2146554795156874,17,0
7.097887704091409,49.39839709706555,2,0.8390434967239996,8,0
7.317170963605775,21.960883553057254,1,1.460714063263766,9,0
7.735576432190863,19.8320057108244,4,1.9684716727622134,14,1
0.8330420521674946,34.30271685196042,3,1.4052396440650678,10,0
3.648810712588299,11.694440505388144,2,1.0367211261703233,8,0
1.2471036892987843,47.54809801356104,1,1.4717261689857926,19,0
8.644723916168376,39.53090570636205,3,0.6843810176980814,6,0
6.270651455592823,5.3811391133007165,2,1.832988620398098,10,1
3.375890446041227,21.46145801346149,3,1.2546259261697545,19,0
0.729227667831634,44.07679707054607,1,1.1740246130594632,12,1
3.178724984985056,47.29186909227911,1,1.3787971826802787,19,0
3.319314888064796,23.902674051243615,4,1.4371757941841037,12,1
7.323101165546834,31.05715807132468,1,0.6076637093397695,11,0
6.41181896641661,9.184663358511687,1,1.5239258318351037,10,0
8.883406151505632,49.56726268071185,2,0.8628975204732944,6,0
4.7749277591032975,12.351913367788727,4,1.5709289487598848,19,1
1.283983034789187,47.19385693262116,2,1.7338021915762951,11,0
7.16112339350765,32.83268580062605,3,1.7059377613287805,15,0
7.631771981307285,30.779102949064097,1,1.3287514511118337,16,0
5.656644255938012,26.12173703980892,3,1.2802548384661268,18,0
7.732575081550154,12.302820774170176,2,0.7143139420091176,18,0
4.9885764040074685,9.649873568269905,1,1.6630192256047034,9,0
5.275055010881741,11.803824244438593,1,0.9071140706700715,10,0
4.332656081749641,10.13547484506847,2,1.2450431342269197,14,0
0.35164935476654235,39.19963920477091,2,0.9264111393912751,12,0
1.168125127233714,18.156137699169776,2,0.7007425444995397,18,0
0.41114893829866905,3.834291151606422,2,1.444336545337605,12,1
6.4004630715114255,48.48602887689975,2,0.5814980522343558,7,0
3.212124212655634,44.305508363207856,1,1.6229678511893,16,0
5.134849842530557,46.459861876565434,2,0.976380192891675,16,0
9.084908091868321,49.75048330967533,1,0.5002020395067279,18,0
2.567993068573862,9.520867211754878,1,1.2666937088558448,11,0
4.162790938052734,20.41585892623028,2,0.5702778627914047,5,0
7.579956271576182,38.153685309500474,2,0.9142543367313491,5,0
2.3651018383670626,35.10501028463582,4,1.5604647311835742,11,0
0.8621011073050506,8.540899410652898,1,0.5940344324327989,19,1
2.9685393838463034,40.97582312454027,2,1.7590077385340035,19,0
1.696090743814644,11.997588019996373,2,0.5057298839878747,14,0
9.304006758191473,11.967063126308531,2,0.8702358038028534,13,0
8.100391757687728,27.311746721777265,4,1.6113560842281072,11,1
6.3706971894531925,30.054056807243455,4,0.9744052245939602,14,0
8.727459842858405,29.424224184052747,3,0.6528385820990203,9,0
8.056353561301233,5.482855032489988,1,1.0403508782006419,12,0
1.947043582971755,43.99558226888864,3,0.9055899295767883,6,0
8.93633408505078,14.014402086846598,2,1.7640678532408325,13,0
5.439488194964942,7.3462311428574045,4,0.9700218763777146,10,1
8.09365753612422,44.548655913579886,4,1.683398707664011,17,1
8.971303869242583,47.826923413257916,3,1.837808217216102,13,1
3.2482344022214527,43.244253246007084,4,1.1507261293647943,6,1
1.189514052824,40.66628766151903,2,1.864914715781588,7,0
2.356558109165223,33.10685705131206,4,1.0659770809447893,16,1
4.328367107399937,27.992011159847827,3,1.9461176247351624,12,0
8.198346182632681,5.2623512356590965,2,0.6339342867883594,5,0
8.6212327742378,21.014207440464236,3,1.530528899754864,19,1
0.16882609225878797,19.261737333603385,4,1.240721060685393,14,1
5.1563982955179,13.727935404255984,3,1.0814732081834706,19,0
4.232368931172912,36.447585570740664,3,1.4490678181229013,19,0
2.2988673236602297,25.297911018859768,1,1.5557856374514967,19,0
1.2866671366034599,4.971264579474749,4,0.5065449044754636,11,0
3.442390196895917,11.788976895540756,4,0.750429633120798,11,1
9.43480606873394,34.4796794193202,3,1.569569075951478,17,1
3.299709027005477,4.730412115024709,1,1.4995781203673098,5,0
5.2360271552593245,42.709138788389666,4,1.9490712576930158,13,0
7.059887693062261,25.262179823684743,2,1.6415566853761745,12,0
3.6999330635550107,24.54874228900575,3,1.926159061597007,8,1
9.72064261893751,30.027981448316364,4,1.5538107523022104,14,0
9.628228219926902,41.40936733033231,2,0.9470783129591647,15,0
2.592644728671105,18.04265118720746,4,0.6580473833762848,9,0
5.022760208334616,34.22279147539412,2,1.6727357950174033,6,0
3.0786952671860197,28.72086623579376,3,1.4662238322138739,17,0
2.9199208943369297,14.084385238301644,4,0.5722790185899443,13,1
0.46518077880987474,44.05286933140274,4,1.0400756988514674,19,1
6.134686906400979,40.073875058739475,1,1.9351997232264293,16,0
5.076522329965728,33.26413989826285,3,1.2506017185653018,16,0
0.6096396373748946,42.678504725617856,2,1.149093704029557,10,1
2.8585999959424533,43.49741584703032,4,1.186549407738941,7,0
9.09183227106987,35.70978585903671,4,0.8133240860077455,16,0
2.471662717603027,42.01365308981993,2,1.0530607562971928,11,0
1.5344592337031087,35.1761016217949,3,1.054719883980765,13,0
4.945582326747874,34.32689781625472,1,0.5785325302812085,7,0
9.857939495694946,31.31195753254403,1,1.6513514427768774,6,0
2.4963471879638544,37.88311533832442,4,1.1247566478558184,11,1
6.754141919318197,8.771650159360611,2,1.733269830224635,11,0
7.640034191754304,44.16266720074749,4,1.775522001679843,8,1
2.452611685524757,43.72033285951637,2,0.8179910820479871,15,0
7.309341851257409,2.433116868693398,1,1.486030223255193,13,0
3.7410530139206073,41.465020777673374,3,1.2084227062444726,18,0
6.359827722876437,7.3146235061988145,2,1.8202351068822276,12,0
6.371944136532857,17.420823858697954,1,0.8236110187646812,17,0
5.4041693723401085,37.43190455828878,4,1.5167198004650664,17,0
0.9938687235386422,8.877234906367102,2,1.4116281833790838,5,0
8.369494706333455,41.08038418183405,3,0.9429522163577492,5,0
3.275722643220185,41.774574719929355,4,0.7049013554767589,9,0
1.946533252958557,25.865918954280975,4,1.4774596407159148,10,0
0.5036739013921628,1.3129077141248455,1,1.607896187198496,7,1
5.949840137563593,15.064868525570727,2,0.973441015645025,17,0
6.807887182238596,31.22941900041137,4,1.4672489060334706,13,0
0.2642195063857759,49.07812272334375,3,1.092696361417255,16,1
5.169721277162881,31.95886282381675,2,1.5698103249239266,14,1
2.342308174459586,13.73037547214383,3,0.7988229123410797,18,0
6.487210625053553,32.06627945188096,4,1.8353225039542616,19,0
1.8262276471494154,27.45928360607692,3,0.9311143946983695,10,0
6.940283607214413,39.21242436240603,1,1.0516789816342293,8,0
3.9286799283753204,6.242051302520962,3,0.5871379281205247,16,0
9.373626888493671,38.29036722259937,2,0.6672683184819146,11,0
1.4614573470453334,27.522062355129403,3,1.2737928540684922,12,0
3.4765568753975593,48.186608189090734,3,0.9013890150919572,13,0
1.223387860281832,17.75173613589562,1,1.7532203386132916,17,0
9.254466820957772,31.99847276356346,3,0.5220400829824308,15,0
8.785659598471712,46.66937716999085,3,1.0686410730079043,10,0
2.653622114380041,6.022976671543283,4,1.006018320153639,19,0
6.633842055738373,46.924195874586104,4,0.5289914463764016,10,1
8.190499781992036,34.70640039273985,2,0.6865525985007653,12,0
5.596488034834677,4.324015896153423,4,1.120464012377953,16,0
5.343540725724464,15.747214780393996,4,1.2392968766711698,9,1
2.4943376799144716,35.7004323436188,4,1.1064346208823037,18,0
1.0217174012784023,4.300179471969813,4,1.2964065176181407,7,1
8.982436003737934,29.52635254863739,1,1.3926975123585223,16,0
9.014138765916972,17.94826979069488,4,0.5148857316917534,7,0
6.367704427005353,31.42486037060638,1,1.1961427391802557,17,0
3.4563949313821367,3.2413596568131298,1,1.9452488613313825,10,0
3.557174788665343,43.70530350146644,4,1.2785484201943231,6,1
7.286961220815369,48.70095948969245,3,1.5163134011884298,10,0
8.981391573530512,48.47501490899888,1,0.9677957868753249,17,0
8.882155600224662,37.73293975540331,3,1.6609870672291438,10,1
7.820767903990476,7.374225766400967,3,1.6593822228141726,12,1
6.456113296927449,38.15489660052211,4,1.2819440714812085,11,1
0.9329856534509835,2.204758906481274,2,1.9640207349188203,12,1
1.7001242695366765,2.0840540249208654,4,0.68832532214398,18,1
8.995686466418084,16.85690073832752,2,0.5254214973343715,13,0
6.10364769062994,24.943516329828622,2,1.655237317635644,10,1
0.1910508110046335,38.74996347258187,4,1.7107333060473238,18,1
1.104568274373718,34.481473453718756,4,0.6803108436808644,7,0
6.668667514169752,22.849232612460668,2,0.8983742494379091,14,0
0.150109680077565,14.407706647801628,4,0.5263285450499433,7,1
1.6919997090332368,49.859100507727845,2,0.939962916170847,15,0
5.532464514729202,21.882883809562674,3,1.6597128108780073,16,0
6.9497624571576635,23.117964192154098,4,1.2769407915688684,5,0
6.554416469075745,9.01756723839179,3,1.0221433897524321,15,0
2.320266163659542,39.94566788874654,1,1.0576089423594954,19,0
7.150574291340605,34.99042906329294,3,0.5020304385732022,17,0
2.4487659662183208,11.81771102664926,3,0.9497007913478539,19,0
3.321457011776751,5.036671235176292,2,1.4696881124568957,9,0
7.490264910668439,34.344465801660945,3,1.9612916657245356,18,0
6.531365700567425,33.071049499775626,4,1.7705912404758493,8,0
8.507311763892362,14.389716822912257,2,0.5353924469682937,13,0
6.610367633773399,47.59231455027011,1,1.847840907012259,19,0
5.726255173021169,8.401836697264113,4,1.6747976199479389,13,1
1.0273802014981155,22.184405251087494,1,1.6705641853564706,19,1
3.740386450288392,47.23718008821235,3,1.1869936385053572,18,0
2.7255034400490823,21.566638529379993,4,1.0970079394317542,9,1
2.5154974694529275,32.28777143554019,4,0.954373593249789,14,0
9.732804492049212,20.48212550017692,1,0.5985422884315487,8,0
3.9916674742009284,14.43654491508483,4,0.8423530452405487,11,0
8.931260896253422,49.214904750031586,4,0.8699054524670369,19,0
6.348272397372902,21.057366309437107,4,1.2261156045653023,10,0
7.9686319050623196,44.81086098027759,3,1.621166609895041,8,0
5.076107221741402,12.267775688663223,1,1.2107147425969198,17,0
5.811348457800955,11.442130497229082,4,0.5867666741707409,17,0
4.975925168806753,2.5255700613410568,2,1.9366847014823059,19,0
2.0329055792006407,32.931674443418366,2,1.9140864786411684,14,0
7.252275941088903,19.057790842464296,2,1.6777843147226126,6,0
2.8796463881644727,43.353554242142216,2,1.9869918523463308,5,0
0.340728067671393,24.1872854278863,3,1.3167234992003944,8,1
6.490175729480962,48.44147796782136,4,1.944152525379809,8,0
1.8533957261297846,10.090750269452936,1,0.6134075609251262,17,0
9.410539985093852,43.56253522982493,4,1.048521122392057,5,0
9.543892912325616,39.053245786795344,3,0.8380719020101488,10,0
9.15715746318244,38.775170387558546,2,0.793749626201405,8,0
3.7645711325288995,42.394378177727496,3,0.7112044233390141,5,0
0.25302050363578754,38.29017555620695,4,1.433620462348995,5,1
9.29035376961848,31.684795759939355,1,1.6719827836209575,19,0
4.339023068341412,7.430999006436991,3,1.367447599130541,17,0
9.66988270853233,2.593782795071344,1,0.7204440643823145,5,0
9.639837773183602,46.12154454296866,3,1.7166856549002063,12,0
8.544793609126865,31.215865411516162,1,1.4539320607455928,14,0
3.0150440314888987,40.03032725783264,1,1.0822485591904933,12,0
3.9124675131590605,24.594595224114954,2,1.5111954433040944,6,0
8.526253048016883,6.7481012591573295,1,0.8898574688642493,15,0
3.2375278510471492,7.134103817924972,2,1.0177883127413159,17,0
1.7779781921923157,34.592699074219595,4,1.8762287646979854,11,1
5.612332498337667,22.08498885007367,4,0.9357567585071306,18,0
9.367932264191731,10.8257116083165,2,1.204982402236905,12,0
6.990694987082232,25.088132790330405,2,1.835211706094022,12,0
5.743605583884713,4.146237916681571,3,1.5615820254012913,15,1
1.0620472883306085,29.51659869380554,3,0.5933048392470541,14,0
6.18857154432178,14.180676817319785,3,0.7209545664184556,19,0
9.901533116032207,40.08039593122222,4,0.5117623861578753,15,0
1.486831750841588,16.207735987255113,3,1.4463826853437451,17,0
5.231463558400994,23.30578730500826,1,1.1715101381156274,11,0
8.785993412086759,1.5694064554969311,1,0.7014122763534133,9,0
7.433609315766624,4.549897501933385,3,1.9369011815851556,5,0
7.000455835853153,20.232184263927557,1,1.2944895859184298,16,0
7.054592431472382,24.51700290113905,4,0.8628399411693337,13,0
3.6589623970755762,30.401006857845882,1,1.2509053567320614,17,0
3.0065592582184846,15.291466356755858,4,1.5194304991026617,11,1
8.112675439237284,35.05411242020058,2,0.6143588269603467,6,0
8.12012260732389,43.145997462271026,2,0.912055722571838,10,0
8.684015953943026,39.21269845577414,2,1.7104482363259903,6,0
9.141081470309066,2.9413224420695,2,1.189497305603992,19,0
5.162289748723284,24.54484041563362,1,1.3198657130484424,5,0
5.065011317403276,6.141578742490569,3,1.1492240033142038,18,0
8.003122271771074,12.860205777263847,1,0.5658499139645077,11,0
6.534642914699875,49.34646707009018,4,0.7486246697302339,17,0
7.049472084851263,7.982281602174148,1,1.1683124581128363,6,0
7.9783474274174,25.44551951911645,1,0.8137781981118917,17,0
8.911052883993907,31.289630981587838,4,0.5749685429895182,18,1
3.4461520528302048,35.42078355666109,2,1.7654744960777355,18,0
3.818271231135446,28.42278549085879,2,1.9717887937461738,6,0
1.0304212044246033,1.4787715235399994,2,1.6897143109951092,17,1
5.824973395862123,16.996604103955605,3,1.7806773825570006,15,0
0.45582851058774665,26.36787052585086,4,0.862965695475568,9,0
4.709420379511355,5.305458458096834,4,1.9409404632697997,18,0
5.472181883605009,18.180719629249857,1,0.7953885566801426,9,0
2.9367583960700157,2.6269523307769616,3,1.9271447155427484,11,0
5.949249279633206,4.850346360596016,2,1.9922289409489267,5,0
0.4019524743965893,20.449240533878207,3,1.5675842086190732,12,0
0.4697470686172227,7.503071948109957,4,1.9717155976877327,7,1
8.243745550530617,28.80950156481635,4,1.3543096693506556,8,0
3.665887349971503,34.78378348772602,1,0.8893126747641356,19,0
1.3578990752536595,40.228748256345064,1,1.1554938284984313,13,0
5.270208274542563,10.807361967995694,4,1.3903414030681789,8,0
7.722936175676248,9.206646530694417,2,0.6096223430405225,14,0
2.2366281722187478,6.123824176385613,2,1.433514896925869,16,0
6.266615710608102,32.1850822276382,3,1.9717667551434417,19,0
0.9449399034383031,35.61731059785816,4,0.7851614746755915,9,1
0.6116490395692162,2.54772109645646,4,1.688892674432575,11,1
5.360410852524665,46.874400065940804,2,1.861848190669429,8,1
5.452287703940055,3.5465928989221482,2,1.9155523892303312,18,1
6.410556024832244,27.523520429752452,4,1.9402034066081708,5,1
7.2883042038543495,35.7439654530949,1,1.282189458082208,13,0
9.760935586679093,43.677487063558196,4,1.9659618619872554,8,0
5.211373448181833,35.99025967448896,4,1.6359653107016583,13,0
3.2972690821183352,40.2846760704198,2,0.7425071543554429,10,0
7.972343328210166,17.6330594345975,2,1.215350159701955,19,0
2.781239287494535,40.9264305735791,1,1.577496763058006,5,0
4.445817064985797,4.925627472849082,1,0.8710104737286251,16,0
0.876718175288433,44.84601614696585,3,1.460922775323331,7,1
0.3509723598130293,27.832026431533077,4,1.499900718569929,15,1
9.630219305311458,41.04759072816219,2,0.7440496157128489,6,0
8.376203193070838,23.163595941396707,1,1.3476279686791344,13,0
6.9901446403276095,32.53530706462972,3,1.6574403664679116,19,0
4.148634149701271,26.793730385869548,3,1.2483434968039129,16,0
1.8156137687013734,36.84788656601126,2,0.5181546751641611,5,0
1.648726722443752,4.999869119498889,2,0.5135577036189383,17,0
2.5774046918294937,3.957252115537626,3,1.0355440159550182,18,0
5.537343980590593,13.108058466497177,1,1.889291102647673,13,0
7.174499634730617,8.81768932554623,3,0.8430151694054131,13,0
6.635954029505539,43.717394763017886,4,1.4515455333075307,12,1
2.871345579764834,11.741485380544171,4,0.8331138060399809,12,1
9.553166278565621,48.81739753513743,2,0.982504984489323,15,0
7.405179475288108,17.507893796784234,1,1.772063134402226,18,0
5.588105119862867,9.923777868746265,1,1.5932921634049202,16,1
6.156035387720087,39.69522684998148,4,0.6430989159698159,5,0
4.25404061803512,33.27668099954293,3,1.1430530314796505,15,0
2.552536796061459,25.41159010620381,2,0.5437546454678968,12,0
3.62412951864749,28.21281399594393,3,1.2213352199045135,14,0
7.602676493597254,36.24088713534093,3,1.4936510175516022,18,0
0.2424955374345831,12.194282325233637,3,0.6777539353972273,7,1
1.2491191410184708,49.820361886780354,1,0.9333274083637485,15,0
0.5554261560153523,48.76486494519237,4,1.0967549382532353,11,1
0.5032151429578043,32.865958630999906,1,1.8792965369840746,15,1
8.56905978170897,10.777580095528112,4,1.9898825231344461,19,1
7.066212807862234,34.33118387913328,2,0.5673669484934238,5,0
4.7943209079645195,4.5377220399796165,2,1.641511885243088,5,1
1.0685581904449146,2.5019726080844973,3,1.057586099603515,14,0
4.96699716365664,13.62646153704947,4,1.08868727934422,17,0
4.7873705307276,23.6685248802265,4,1.631397460020534,9,0
1.8146985121091506,43.54535276501065,4,1.877639648218113,9,0
4.395131327455933,36.63128441854909,3,1.9263928917538227,12,0
4.045196870533997,37.39261953879907,3,1.3656838790574812,11,0
6.196915970716943,21.84917338795569,2,1.0356817389507542,12,0
6.387427143589673,17.950814634801183,1,1.681323628788169,10,1
0.5485096967432408,19.18089938624553,4,0.8765020748934504,10,1
3.808664884802065,49.394828623066836,4,1.3461110432502768,6,0
6.29601316557094,2.9653503792116416,1,1.0378676922873098,10,0
5.081048959942868,43.48454330999998,4,1.484946610561814,9,1
8.57924942776439,29.355095020047276,3,0.8605983693402603,17,0
6.621066953027555,22.492155540289932,3,0.7873894186022387,7,0
1.713050828106154,36.537625360341686,4,1.8773586300131555,10,1
0.7986305992642555,24.84677812981044,3,0.6527055244243054,12,1
6.459950854242525,43.797738666001365,3,1.2589368616023975,13,0
0.36246197436205596,45.134391336551666,4,0.8312791744445134,5,1
5.899178254607286,21.664325416799315,2,0.5583949449885012,7,0
9.40827939010708,14.564562064517528,1,0.5540282274371395,7,0
5.7971943609712016,30.02516610107475,3,0.762832658158741,15,0
3.942882269444567,45.70580393521786,2,1.8001555317590003,12,1
6.468553362579296,11.322447261277663,3,0.92371811596554,5,0
4.636703615866015,31.525362594610655,3,1.9256887558629436,9,1
5.501606214227755,31.946450784533507,1,1.3724334394837903,7,0
9.4205016068876,36.92253809834877,3,1.1549212846531491,6,0
3.9224161142276652,7.446816571235731,1,1.370133252004182,19,0
9.615786581856751,36.07542326942234,1,1.2750475778394017,12,0
9.06297135536503,45.542593512616406,1,1.6381643806359878,7,0
2.038332234414035,9.804472334641856,2,0.9237440989592784,11,0
0.786676878664138,12.639622921270004,4,1.0295755874004535,16,1
1.097702213636524,48.59835960804034,2,1.841141453799876,15,1
0.28039607395034233,9.867870682764998,4,1.9196847697256083,5,1
1.034985311483691,42.864869575109374,4,1.8388373412297119,10,0
6.861767056821932,25.121614965953704,1,1.1291719909359703,7,0
0.804767619756267,13.114322645755674,3,1.6705482545103225,12,1
3.257858739908237,43.66674516235306,1,1.2145035999516482,10,0
8.4642655785976,22.81995749513061,3,1.2463097782191532,16,0
0.33039216378467606,26.22605034255482,4,0.807020163585926,6,0
8.163237977630464,18.60243510058852,1,1.3866954548877746,10,0
2.8903622702566594,30.054591720311443,3,0.779203846630022,11,0
1.269831793454397,9.012669756666115,2,0.9973470486007907,9,0
6.997697937105091,20.162995295936273,3,1.7825453024299027,7,0
6.3265341831208515,48.50120379442909,1,0.8106137138162828,8,0
8.786972933917824,13.64853820235525,2,0.6067374277601492,8,0
7.3772033336584695,33.18009656252332,3,0.6035113889192245,10,0
8.05446121081,16.934313147010048,3,1.9111767807546618,14,0
2.8921422684559346,38.90018315864343,3,1.2603806569427518,5,0
1.856651483419256,7.412809375199141,3,1.1141181077255276,15,0
7.531086041244498,48.52123120884869,3,1.7163178715118776,8,0
8.087663918745914,23.235687527798323,2,1.753738891865774,14,0
9.906000905806666,12.566472703976734,4,0.9982865496734069,17,0
4.184915001423122,4.60134061917062,2,1.5404270862106928,8,0
3.782979049348554,9.318137349289497,2,1.6566842237778299,14,0
7.786488311345769,26.468923479244864,2,1.4819760302989318,5,0
3.4739550485048767,17.51315564513303,4,0.7273926122001491,13,0
9.314497523475291,41.61528492824787,1,1.8138246252755854,8,0
8.598286243245816,22.11348865942849,4,1.3086418291040132,11,0
4.347040871012681,13.186999356793866,2,0.9237086395550056,16,0
7.5336235711358235,31.240104343597473,3,1.137842278156541,18,0
7.5699744534383555,35.63208362738685,3,0.5563566355983611,7,0
1.120926301475733,9.185053487146543,2,0.6918002018336263,14,0
9.03527377612771,9.213341598127565,3,1.6483201257737914,16,0
5.101998487233786,2.7968999197436055,2,0.5000174521330492,7,0
8.281928914466642,37.083698738216384,3,1.1248487427234384,18,0
3.2684910502030564,33.52642185346845,4,1.2837652716283827,12,0
8.965679962112384,24.25691291174088,1,0.5819516300014584,12,0
3.953096619468215,42.36435199949066,1,1.9596172444584994,15,0
0.20729274965495376,40.4778374945526,4,0.839187996874508,16,0
9.06328156655071,29.682363855440855,4,0.9562980794544214,5,0
1.0037381001827224,43.54529274514967,2,0.9559137683825409,14,0
3.2612050121451075,11.086219291801644,2,0.8456249931760249,6,0
9.505613473802969,6.484061350488666,2,0.5022107331294672,12,0
9.511010754681806,14.21773096433249,3,1.5940171911319945,5,0
5.777035092420532,3.797255948376428,2,1.950268249698928,19,1
6.355188400481013,27.02730687205057,4,0.8364402249275675,16,0
4.539610667585365,46.89367892245311,1,1.4945707877051335,12,0
3.002786639810839,2.9278334927569727,3,1.6128444904380728,12,0
3.3537789991621683,6.983385786491313,2,1.772638068635787,6,0
6.7579327151626805,23.15775238588833,3,1.1339437955204137,8,0
7.548507841433032,46.75987585886734,3,0.9543963584606439,10,0
7.9366325328859,16.491649143860776,2,0.9879427010345467,16,0
7.9172196136660835,25.85450562573123,3,1.5689319996477693,15,0
1.0029404201820347,3.0370700934692128,1,1.725169199758454,13,0
4.9947610165555565,8.268816847142354,4,0.772420951634904,19,0
0.6698317241647784,49.3448760249835,4,1.0564115122366478,12,1
5.540335935004982,48.290816125366234,1,1.852910295123725,16,0
4.471151963596432,1.242059065786071,3,1.7100402795421088,19,0
8.888271409307167,47.63877748573871,2,1.9772876041437137,12,1
3.574058624265579,32.31687695295952,3,1.6313723895231211,11,1
1.2589634626332982,43.527996431481085,1,1.0897928015418834,18,0
1.515617652323075,23.282252926059098,3,1.3859567509919566,17,0
7.638955254002975,26.26420540038326,4,1.4915213813709804,13,0
6.220358826830984,24.953482432589087,3,0.6176837244756859,19,0
1.1011144936156236,33.67634861975911,1,1.3167454386557975,6,0
0.9326573805384746,7.842911483059332,4,1.5639812427089144,7,1
7.039594401445288,2.4687059037612196,3,0.7509819560015906,14,0
0.8203537630055159,16.088567137968354,3,1.6709475761383357,12,1
8.236414586974526,35.52935737409569,4,1.3756591707711674,18,0
7.091798048849312,10.89081915402447,2,1.928332678546392,10,1
0.9053529283548076,33.99818923292095,4,0.5636334473103375,14,1
0.9398933694434,48.52569025925625,2,0.8979892063332005,13,1
9.867731827161636,5.601135073681501,1,1.402330818949736,14,0
3.8052808779855916,33.95750379303119,1,0.9448398683088961,8,0
3.76935725596222,22.743760745923986,4,1.5716362461068634,12,1
8.146715715849275,43.538970464497766,4,1.6385079237828966,14,0
9.477760916100202,9.68033968292191,1,0.6537739460997116,7,0
9.861410531846422,34.93867165908206,2,1.2707816963101517,7,0
7.558444034063522,42.0676491927574,1,1.2633358333865838,12,0
3.824969896756066,47.28609675422714,4,1.0539211553233117,9,1
0.9266570953168207,34.47915338619264,1,1.8993872938545082,7,1
7.793754467681624,25.361563436412936,4,1.7412594798098318,14,0
5.62820207238447,31.27451476985948,4,1.5458140728644552,15,0
4.299797891545065,43.57634423945719,1,1.5714899536024962,5,0
9.072908412437886,28.959877585302653,2,1.1925742157196786,19,0
1.2008550748308984,2.4889659251450063,3,1.8814917816448637,7,1
4.976988532479505,46.61648607984191,1,1.5418931408799281,16,0
0.21240108319744877,34.7868108005465,3,1.5934715924837246,13,1
4.73974035574185,34.14915590308508,1,1.7925363556810179,9,0
0.6574024292501898,11.568082467488141,3,0.9111073840132865,16,0
1.276297371053912,33.2853880414002,2,1.7106063558000546,14,0
1.2635098430933385,20.299355877053767,2,0.7928609044347381,19,0
6.527181990949029,32.91041587503311,1,1.0180129283673318,6,0
7.48584430472769,6.223058485091546,4,1.0034156814047641,11,0
5.8753507744618805,33.234419925548764,3,1.9677882025837108,19,0
9.625508229897966,49.971272562762664,4,1.7848058356218903,6,0
3.8112187372846704,3.3623899041672454,4,1.5517547923853896,8,0
2.9285496541904212,48.881535026844546,4,1.5905851424230852,16,0
8.699131369075657,20.93849007542066,2,1.3431091916038567,11,0
2.3135988013425814,43.6669190665257,1,1.9206360006627787,8,0
9.635903140462052,39.3368887188554,1,1.2443881293235424,11,0
0.22032929942918178,28.783796788346724,2,1.0707765648048417,11,0
9.701800384405626,37.184011253315,2,0.7445530053973866,5,0
0.5272831283107036,44.04726250376605,1,1.679308478391587,10,1
8.922316825610904,20.802875760900616,4,1.601665898113387,13,1
5.324240979954369,17.024624916598697,3,1.0765325577862024,6,0
9.930351481581074,33.71207589261565,3,0.537790120938844,18,0
0.8305859908804487,40.58445115512167,3,1.758495991577016,7,1
5.583157415573075,38.35197160405417,4,0.5171269751811105,14,0
9.69609510262908,40.09286879407309,1,1.5555496694435764,9,0
5.278668657284473,22.343582425833716,2,1.9553856645890857,13,0
6.331046517539099,41.073876592576056,1,1.1564919922223051,8,0
6.98791202094771,6.890243713159814,4,0.8524601074939291,5,0
4.599956541200955,27.67996580008163,2,1.5573065150650724,8,0
6.312824992832228,1.282174364407957,4,1.7256922130233776,10,0
5.884711688038692,16.904705665113244,3,1.319645474116771,9,0
9.02146430386079,18.956615208698494,3,1.9505529128842194,18,0
0.549919165380433,20.412461888853514,4,0.5775030824869416,17,1
2.8815355769630804,35.07789312780324,2,1.2571933974567921,5,0
9.509073692357932,20.039346962246942,2,1.5776809209838252,8,0
8.913611460520071,22.985987508504003,1,1.7939607067237684,10,0
4.611001852578558,12.639662412842046,3,0.768883417861685,17,0
6.2393127182352135,19.289337789837663,1,1.700005222645522,19,0
2.8460737115132138,12.136211735894422,1,1.329060613577818,14,0
1.9623994812652372,4.586600264653738,4,1.0948305229849449,14,0
4.690614208905823,30.568981075687518,4,0.6975725428686403,18,0
3.598187057457923,33.7424271291958,1,1.7979436383633687,8,0
5.878195507323634,31.35502695447111,3,0.7359098122695731,19,0
0.8695729059533499,23.711208146228046,4,0.9646817888136489,18,1
9.746508595895047,19.609503228782263,1,0.9350682979436553,13,0
9.863486370348069,43.303348829019434,1,1.8071210512862814,9,0
7.011800968795477,26.435007471674684,1,1.509054491313347,12,1
5.407354026806792,24.479912003856818,1,1.6950220957870585,13,0
3.164323401234645,2.256461224515349,1,0.8757018481887484,14,0
8.156570695098791,17.72114355368166,1,1.4373111494104984,9,0
6.878838608283405,19.629585320506997,4,1.357618974715623,10,0
1.709907699514424,20.542316263948123,3,1.7492455651824066,5,0
9.118179126489041,29.428446092139282,1,1.859130590721891,15,0
8.243118704939373,27.146524789617043,2,0.5182351572160802,16,0
9.503019141590048,30.787349546878787,4,1.511029878588189,19,1
7.2846231330447635,38.47927981556428,4,0.5777536986795935,11,0
6.172810439764319,40.83630119708858,1,1.3232879976160339,8,0
4.240606059277127,36.18803073509822,4,0.9314490935655173,15,0
9.33401198520473,47.8206611017918,1,0.9601648992832118,6,0
8.674032506054044,1.89339655114172,3,1.029437755178535,9,0
0.5476648340512752,10.59312129849376,3,1.431938673574415,16,0
0.36103304752279486,1.3705808739289638,4,1.0010749485031538,7,1
3.826987332092691,32.72626099357555,4,1.5990485758854205,10,1
8.124477974740145,45.00349689854936,2,1.1067910783608046,12,0
9.87403368021795,12.930632532238665,4,0.602529800464938,11,1
1.589127221924929,46.424692695019026,2,1.6756397637261609,7,1
5.9818940819861375,3.9531021241884816,3,0.928637486889059,12,0
3.8708194806471132,46.787365313470204,3,1.149150319398894,6,0
9.702152538364572,18.229511674742085,1,1.5281658248328522,14,1
8.436977339043516,5.96962059401161,3,0.9986842357230681,13,0
8.399454176640266,24.807716200129956,2,0.5848784842200734,8,0
4.740062281970205,13.582051818304889,4,1.0608815705192205,5,0
4.206713073142885,14.958772196134218,1,1.9166728740414551,12,0
2.806730012113992,16.057208281388043,2,1.4626015959478373,11,0
0.6581174168441785,40.34826899380051,4,1.5072187230008103,15,1
8.660751524925027,27.41890255708747,1,1.4484232304564597,17,0
8.147719990387769,16.25407725864418,3,0.7984882084391551,9,0
9.997204965532692,30.906355382235,2,1.1275007961534202,14,0
9.966704687031664,36.091383036936485,4,1.6264096975449773,17,0
5.598773885466011,14.358576035943155,1,0.6520593463297387,9,0
7.712975410287054,21.263905974742226,1,0.9167791641345684,11,0
9.453180725836038,6.9724185735104305,3,0.9144786626987804,9,0
8.511509167706373,9.876318127199335,4,1.148028391391759,12,0
2.5487462072576568,34.37477484428416,3,1.9705531114132775,15,0
4.560386939569925,9.89047903708572,3,0.6012538200257329,17,0
1.3786782099998005,26.733005799685948,4,1.2780514915708925,10,1
9.545105169861351,35.7432668243992,4,0.7690470230183157,17,0
6.101128881063712,6.236969231642448,4,1.9560148181146162,9,1
2.3635637744842812,28.798298761816273,2,0.6699552570911963,13,0
6.749836775617982,13.571576401366825,4,1.105401503542387,15,0
6.219469580533168,48.18341688664141,1,1.6068274772519093,6,0
3.6458109085251214,24.69373668927631,3,1.5568316420411679,5,1
1.2242201627763274,40.493634938982744,2,1.1340929553408983,12,0
6.748574636368716,27.961100565656828,4,1.0197862519290775,16,0
5.251046238947554,3.127214109886139,2,1.096418567829306,7,0
7.745952078182829,32.0244174041071,4,0.8964143947379589,18,0
5.249618661008735,47.61876376812619,2,0.8079994080601998,15,0
8.536596853153547,30.47897918717023,3,1.224559546338335,16,0
5.563877703867407,41.14025411191272,3,0.902800634101411,16,0
5.653285918200324,44.326116704071985,1,0.9311924973458752,16,0
8.778870666317616,12.175908825497691,1,1.4851340952118357,11,0
4.094480375502731,11.390197155503106,4,1.9528059975498384,14,0
1.4267507616613433,30.938068453698595,3,1.4054558008390625,17,0
0.3849484955020559,21.14039502052853,2,0.6154692005974494,15,0
7.575858831168828,42.153203840469295,2,0.6133754207811004,12,0
6.2410645583993,45.10113304650255,2,1.927134831268349,19,0
7.070389704182313,18.317647585833186,1,0.9459361854610004,17,0
2.2083451989382166,12.606657389749621,2,0.6381004791237131,17,0
1.4500776083090208,39.24575024694923,1,1.3985668807255722,10,0
0.2439921901120311,14.46549574185867,1,1.435473167435399,16,1
3.57081683218531,41.308101607170244,4,1.4727572301780323,14,1
5.940185099860868,21.76317442878938,2,0.901103041786312,18,0
3.98321604648735,33.70994506528205,2,0.5226660263217126,13,0
4.431001728034918,5.681230377898741,3,1.947523054181708,11,0
9.05117107548811,31.569106909152076,4,0.8763395685366537,19,0
3.5477291235306736,23.136616258124228,3,1.5140394320788213,14,0
5.188495942682127,29.743814695598232,4,1.5599448048180644,9,1
7.858164826137316,9.232696179498308,2,1.4150111256192286,12,0
4.0257735449805745,37.10681350226493,1,0.9693610913204723,19,0
6.258658332255948,43.2770567996182,1,0.9066443806460986,6,0
8.637400716592778,11.620250204448007,1,1.3965024240540547,11,0
9.500254174210657,5.690013220487924,1,1.7991434504175372,19,0
1.5560274611974758,2.1582907162704834,1,1.9201005933850934,8,1
9.273217489098794,32.456603521720034,3,0.6588587066056364,13,0
4.971951301487428,30.747607768350257,4,0.7322429188965798,16,0
2.6566194441596878,27.788173222989432,2,1.9171043881746195,5,0
4.645443986758787,12.365407709682795,3,1.6048028425021887,11,0
9.802322495326223,20.15439379937022,4,1.8244907372446595,10,1
4.976919130529409,30.12934042412248,1,0.8039489512030147,12,0
3.3546409418463314,25.341576084099298,4,1.3813788066641028,9,0
6.370668457735585,49.401490490529476,4,1.5517093916262104,19,0
2.4774416259041114,7.685547875279923,1,1.520167828170459,5,1
0.8510469482757728,35.06208314833209,1,1.1122275363000471,5,0
1.3759092469154275,20.811619637110315,1,0.5230923375369627,13,0
1.3676538056819474,21.981781131355124,2,1.3743890852063947,19,0
1.6038366657717142,36.16229051725063,1,0.8796523087694131,14,0
1.4743890092291605,34.92937141489411,2,1.1753813692143356,10,0
6.444659973551825,49.57154369140723,1,1.936371522625726,14,0
1.900612835551534,7.291320183252136,2,1.0985529764636521,9,0
3.522106104906246,6.10137281982415,4,1.75970240999664,19,0
8.978205258069517,36.492602039308316,3,0.7828109086238767,5,0
4.792220238602436,29.340958933314045,4,1.5086907470375432,10,0
6.708821611358169,14.433872661430488,4,1.9655104316584153,10,0
1.8059667248961355,4.891549080460344,1,0.6528396513094052,7,0
2.003661286205841,5.197254230225096,2,0.512479913340788,17,0
0.5045993010381408,44.81535285854179,3,1.1503741889489216,12,1
1.7724571244144292,10.401498911218402,1,0.6389382245770507,18,0
2.8580443564163907,16.845206543660517,1,1.622576524514347,19,1
1.8524037943397935,12.106163709122413,1,1.8718229957728383,5,1
0.9781550841948505,18.39481898576493,4,1.1510314590631383,5,1
1.2942951238959481,4.401768294558575,2,0.8880674632331614,10,0
4.661709803523985,26.433929754505247,2,1.1516049785099147,14,0
2.142703812217346,4.3130156160185305,3,1.5851717267750014,17,1
3.7062716243759475,40.217468883295716,2,0.5135812423705565,5,0
5.083830981463083,12.451892013611218,2,1.3841809842270458,10,0
6.934908803430717,27.460583815621018,1,1.4199375273310686,5,0
0.48919018442687945,44.12387529051146,1,1.4565323703439033,18,1
8.014162949199523,32.892991083312516,4,0.8630331199713158,17,0
6.316213855959987,27.11493154101543,1,1.57107908506719,10,0
0.9094144162938319,16.892353902653404,1,0.6370872294976646,7,1
8.748428378657094,17.3170937398517,1,0.7989055047002012,18,0
9.216636765264951,33.80486080471132,1,1.816205069981723,18,0
0.7046718025631511,49.71282869983721,4,1.6080847260898494,19,1
2.841088716657317,33.43012030261955,1,0.5206183310170178,12,0
8.081392669951308,28.33138745113122,3,0.8725643905547003,17,0
7.507770934798217,36.80187500172306,3,0.8216097244897469,19,0
1.9267580916281357,23.79507500190219,3,0.9062094920554589,10,0
2.172558301033432,3.9469747874384753,3,0.8713396554198296,17,0
3.767673817634682,28.55254397801758,1,0.5937894436142686,15,0
4.896777553391111,47.92363894076363,3,1.1884107748952304,17,0
6.220722238149929,9.589844175525322,1,1.5991002121792477,5,0
3.752245031740747,34.81023965021262,4,1.4100975870761547,19,0
4.679093689718164,10.845750744293767,3,1.5093075028971197,9,1
7.499962287524189,27.255556539180983,2,0.6217237678043588,12,0
0.46316370861691925,5.737146032689261,3,1.9272360652651808,7,0
2.5991257490058057,23.068175876651072,3,1.7577377507645373,16,0
7.162160900257069,38.05200311586706,1,1.7076354777434941,10,0
8.962547693103273,18.031004687710123,3,1.7344757075626513,9,1
5.165606676945094,33.58067449987368,2,1.899065762199142,10,1
5.367923504126625,39.97704807869673,1,1.3163809491705465,14,0
1.161002912263783,46.43171315449318,1,0.8004230268014388,5,0
4.529382431552201,12.497462010917223,4,1.4251754117788118,11,0
5.372910937904729,20.5664798746561,4,1.6143222405019084,13,1
2.500457985983824,8.468384653190455,3,1.6068760900310382,6,0
2.765507986398872,49.63169160576039,4,1.2821735362503202,14,0
3.8351132147357645,46.423047428290474,4,0.602688079000367,19,0
0.2987048579994911,27.45789938374742,4,1.0566694076451917,9,1
3.288583739273465,42.25963142444464,1,1.881149912695036,14,1
2.193335269265792,26.526940886330067,1,1.376673364636139,8,0
3.3422237865613553,31.555698712135225,1,1.3074979148835701,10,0
1.2856451050105873,5.367097173684814,4,0.9032802715732903,10,0
8.91622007932496,38.00825060434359,1,1.0526733798748684,15,0
5.976565290185081,7.257960698126507,4,1.843019133729754,6,0
6.823112959530447,41.47731388237389,1,1.4996945712902536,6,0
7.912795262212649,39.31937629584891,1,1.6810805401284994,8,0
5.034577769397667,35.728490189405846,2,1.1815181346014827,5,0
0.9605108520654946,2.7718586457133436,3,1.4453708291842369,13,1
5.417354764003623,15.853289441321103,4,0.8725754131148113,18,0
5.909727068406704,13.892515925631301,2,1.5581912454252294,18,0
7.479850794424867,18.646683966104437,1,1.141402000555006,17,0
4.373429507673825,5.294494591428089,4,1.1638182722221184,11,0
1.3630449976760814,46.91093332852208,1,1.4739834868653225,16,0
2.9093814674073726,28.13630979490644,3,1.90442093220339,11,0
3.6945147343464875,15.970691222243154,2,0.5960095199129314,19,0
6.494580689182852,20.452094336639888,3,1.7371148560205114,7,0
5.750705216222228,22.912924484736948,2,0.9385746656182896,19,0
3.625357586388678,30.429122334670247,1,1.1658791817595668,15,0
9.866500963050498,26.26829195712839,3,0.5328699931625134,19,0
6.097170711633183,46.05020668750645,3,0.9515691167514695,16,0
2.4485452381863455,25.351210662385682,1,1.2539468639451958,7,0
1.107646478941997,49.61574272634232,3,0.5842641160211586,5,0
1.6133054779248872,42.71982292950969,4,1.2366435940747478,7,1
2.5349815110066305,11.217015203509455,2,1.890665943287641,7,0
1.6907455952696013,46.599165517551896,2,0.6580898271617078,8,0
1.9470135381079272,6.701953496388328,2,1.6466610921132565,8,0
2.9224421700690866,41.05503571606839,4,1.1145065800639888,7,1
1.8163985934180729,19.650541380352426,2,1.482760571786507,14,0
8.97797770380161,44.020741701808404,1,0.8903548969778441,16,0
0.8943140820502579,43.534777815265066,3,0.7392383938120375,12,1
5.292662756745521,40.49034460576344,4,0.7406939214068397,12,0
4.162928587197649,39.71149137904601,2,0.6057379184647169,17,0
9.825548307395204,15.929277815804,1,0.7784700573518646,17,0
1.2091851314637183,4.965044869511357,3,1.4963290774834523,5,0
4.038770430552842,20.746028759492912,3,1.822535917765262,11,0
9.697757289426152,9.502701234338925,4,1.7211885283867427,15,1
8.668520546350404,35.05260335622062,4,1.5277014648117262,6,0
8.189013502397872,17.95888660035149,4,0.665647795116654,5,1
2.6532379877449044,48.80489984213583,1,0.9337811694439248,7,0
1.7917871151616518,32.40763178992127,1,0.9647103129837035,8,0
6.719567877251866,41.30154761808369,4,0.8749354195964318,17,0
9.3008222923631,7.4937089643505725,2,1.2725084895645846,10,0
5.611952640837905,43.2387096313585,3,1.303330722319509,14,0
5.758965625752008,46.215102335156324,3,1.0353289627566653,18,0
2.8717930272368135,24.86603402212786,1,1.030683738104654,9,0
7.717980038600175,30.706393949797896,3,1.742833396859122,19,0
1.9517331107194815,38.475680244246774,2,1.6839392724795283,19,0
3.3044244404020127,9.567092735760214,3,0.9616937475211185,18,0
4.311820742302526,25.62573774670868,1,1.870682665809889,8,1
5.125342748976105,20.53448836084334,1,1.929222525503759,12,1
2.4998563509092944,8.172325615950207,2,0.9901138130450613,15,0
1.236884564918115,19.00918669228504,2,1.0316374231895824,16,0
6.145138420172162,4.340443159889185,3,1.2584512301329382,18,0
2.957442477078532,2.2647834405248624,3,1.9116812188005103,8,0
5.854258392083861,7.623148168586315,1,1.8144791497134674,17,1
1.628190881214603,48.192640467869516,2,0.6538519438753847,14,0
4.8632870083626925,27.926947258855833,2,1.0890961149071243,16,0
5.3726353822607,48.32528589650778,2,1.3300567846246578,17,0
0.6130530145420264,22.19239603817647,3,1.25469870882731,6,1
3.432382354119814,16.278990521177718,2,0.790794601905339,19,0
1.430705301695845,25.80095127917196,1,1.788225156752232,7,0
0.7274122076804007,22.536072743012596,1,1.515411174495256,10,1
9.900606300660458,6.177569528825452,3,1.7568625622777054,12,1
3.2913030652497577,32.400489419820104,4,1.7881464190242082,12,0
8.117757013960885,11.58587094297038,3,1.6225337804986095,19,0
2.6209424821612624,31.35980978999365,4,1.158815901874576,15,0
6.8468769500169,32.859853527509514,2,1.4158201325231368,19,0
7.626255812907897,8.449217803303757,3,0.7405481091796147,13,0
5.996823532017658,4.00613172842274,1,1.5104681262123616,11,0
4.768604266646568,39.25731771735355,2,0.7688798836089211,17,0
4.177225050057959,23.53022076469669,1,1.5409243857652353,6,1
3.553795838775654,3.8500259797683136,2,0.844397241130953,12,0
9.302338528053475,49.74844954131859,3,0.67632695022533,11,0
8.323132137098519,3.8312474888219654,4,0.7479267352144361,12,1
9.653766415598474,35.05672621406911,2,0.5029882028286055,16,0
1.330542512506893,49.20026733790726,4,1.5781094267802953,7,1
7.335588004516078,12.719825106580355,2,1.5986015735875687,11,0
9.389570522528274,7.970219065672612,1,1.2724000248698892,14,0
1.8942073550400356,6.947862031699016,1,0.7420442015830755,17,0
0.7583130469310972,15.860482230812181,2,0.6253315062660346,13,1
7.4370944279715845,5.951244739521687,4,0.5286934496559306,7,0
5.787283820481128,34.915905743012466,3,0.7486222654478311,18,0
8.434104889906893,4.052298108373072,3,1.83628330247472,14,0
1.4837465286002662,25.961684279339696,1,0.8623052625525227,10,0
7.973146387412913,49.83814583879586,3,1.0314069908258234,6,0
2.096110468472671,40.88454320579492,1,0.6580182267219998,6,0
1.7201938343704748,31.145752473319533,3,0.8335419571222554,9,0
1.7262313995168304,16.00642741854397,2,1.2788368561703076,9,0
8.164289730290683,31.570895978290284,1,1.4116290246434788,17,0
6.685452484892381,26.82503173167093,1,0.8680284712493166,11,0
5.278347705214281,21.878085810628203,2,0.5865982388376758,16,0
3.652421792822675,7.404808460269774,1,1.086549303691098,6,0
8.784285354049771,44.44360654678287,3,0.8513050563895013,15,0
3.9852065634840907,23.039447792244804,3,0.829330884844703,18,0
8.184334450768613,10.536503079217487,1,1.939794204070183,17,1
4.447435594845162,19.02020819298719,3,1.4244507288885861,11,0
3.831749851306585,21.292357873917425,4,1.335317664758144,9,1
4.680529878129104,41.54935688277684,1,1.1236626552849829,18,0
3.083640954225007,36.9471046475087,2,1.1434165001452163,10,0
7.501332863744886,38.69593978842565,4,1.3113575057571212,12,0
5.0769318619155435,1.5405319570037135,1,1.5446447105541607,14,0
2.3989056819534915,21.391545910808315,2,1.553219144272744,17,0
9.005788275418228,24.585863430130857,3,0.7575408615581743,18,0
3.9005230915947933,1.9404215643297777,2,1.2501691281149405,16,0
5.481173325028487,13.730847228506677,4,1.117937142551153,8,0
9.074073898549015,38.254201332984614,3,1.8057904494040762,17,0
6.279956159548521,7.718375580720954,1,1.4471283818275646,11,0
1.2572906030128044,27.23019644117699,3,1.2987560996239726,10,0
9.404338023773404,11.544891728844638,1,0.6730919632683761,14,0
6.314309725407036,1.5939179575507705,1,1.4084568339851171,6,0
3.4155655851051527,12.818871422377532,2,0.6758058585203501,19,0
1.478793519367534,48.81781399059263,2,1.005809863348628,12,0
7.96084937377593,40.27531848226649,2,0.7142629472214979,14,0
6.238720283692284,48.01925557173064,4,1.5381104705365534,13,1
5.3812648105655825,24.90484815239176,4,0.8093781707542289,9,0
8.949536572204481,6.377073735197672,2,1.087789059782039,14,0
7.907112391122855,27.850014959710954,4,1.843512166428168,8,1
1.6015813093542368,23.264489393438083,3,0.8064745750984554,10,0
3.1860484711759276,42.373497054241184,3,1.2617075959381687,12,0
2.560042484163211,5.806046458427985,4,1.128907491749033,15,0
7.465068296469502,24.923815714067132,4,0.5271860615685946,19,0
0.4319711038842159,8.352384570005228,3,1.6891371703592193,7,1
5.741907880226034,16.90912041761294,1,0.6035688594718995,14,0
7.648340988832836,37.130496792002184,3,1.2113825314654303,15,0
8.77997980394132,24.32488833906956,3,1.341017442408425,15,0
3.486609312287484,19.418525972142696,4,1.4426396849218805,5,0
8.230447316252928,20.32933764993173,3,1.5329474439618134,8,0
1.1952541958565517,23.512891651893344,4,0.8799085752840726,19,0
8.47987768817173,39.46581064801579,4,0.5149681649876741,8,0
1.362137757086626,44.71214975807148,2,1.585165493532368,5,0
4.033144176547636,47.811399638692485,3,1.3034848990213679,13,0
7.9932241212175805,39.55826592650946,1,1.7541765548108732,7,0
1.5841825307528605,16.454937891652623,2,1.7320825443510415,9,0
2.369588812803151,34.71860059824056,4,1.7649892516818246,10,0
7.250300427091356,22.442553078714205,4,1.2276419899693103,12,1
7.228361711806136,13.478860480256508,1,1.0004425937552985,10,0
6.447361565564443,42.202707391870206,4,1.687337303887055,7,0
6.9700896002242905,2.882891099153925,3,1.1769411695438823,10,0
5.472971989141202,45.186337614635754,2,0.7751632946051518,5,0
2.5928106831788327,23.612395766611975,4,1.7824610293422114,8,1
3.5223903356888027,32.222872363605745,4,1.823839815158521,10,1
1.8978173963341143,33.30834218808335,1,1.1994646342102553,11,0
9.09366055720292,44.86076929462028,3,0.6135495909646812,15,0
5.875578768184592,32.19681442619316,4,1.0817391348753969,17,0
4.068429025960035,31.082745653243027,1,1.7053064891939052,15,0
4.673857456076913,4.2659499874738085,4,1.852661042819343,14,1
9.478105062156972,26.401993075315,1,0.8052091137463937,7,0
1.618178890849194,8.358281040035042,1,0.6004604180379073,13,0
5.903675336966293,37.13425466735279,3,1.816025679699258,16,0
5.108297920956213,26.09887411982105,4,1.0841074084683129,16,1
6.153396930803013,34.33116118120931,3,1.312641446401345,11,0
0.27929081982632104,3.041972129516829,1,1.9520987180761384,18,1
8.7340266985471,5.154808786244358,2,0.5998470918713343,5,0
9.327970996587762,36.09984601507143,4,1.4724770111781433,6,0
5.694818517533168,4.532132463934995,2,0.6111581338623007,5,0
6.996843156381233,4.491579660497671,4,1.0632033926997506,15,0
9.232743873655227,1.593315286509485,3,1.70572181779017,13,0
7.101662479702647,47.86856851667453,3,1.1502083491334516,13,0
1.6101365248511874,37.13790961349134,3,1.9957735308544255,11,1
5.80525476565145,18.309319016601144,3,1.3385889274199032,14,0
6.106478959190273,15.530243483095106,3,0.9817432289539303,7,0
4.298893645893622,18.135458257546627,2,0.8301669888571297,17,0
7.390797932684756,38.958023027877914,3,1.0257808014292427,19,0
9.350233446213247,33.407159942450306,1,1.0587999106393262,9,0
9.263128277777085,10.074582825505928,1,0.6030705165859415,19,0
4.563309776900907,9.531357431370132,2,1.0543612991401599,8,0
1.221056653823477,5.821386835956469,4,1.1963577796088374,11,0
9.849927869727113,33.35483326536557,1,1.584106628358207,18,0
8.405091055814747,38.454260448865064,4,1.485094227082412,13,1
1.3341605439123418,13.987274987925197,2,1.5631484828437314,16,0
9.216334637911986,2.0263030905147277,4,0.5125455228152856,6,0
8.71197398441507,5.02641170634494,4,0.8265010993708041,17,0
5.236496765548114,48.425141707406496,4,1.4925264325997847,12,0
5.953626813874799,15.476794096393593,4,1.2259840522696206,19,0
4.050126768314289,38.69193424406855,2,0.5079702135025189,13,0
0.6421402243381102,31.608514873858926,1,1.7067419636477335,14,1
3.4184526922944194,19.7150423429919,3,1.659214359935506,18,0
8.048249141120314,11.0786758475822,4,1.322628744490344,14,0
0.1458570277455683,6.947934489810915,1,0.5996949886644082,13,1
3.4016417997423276,31.135635433904465,1,1.649772574298877,18,1
4.041870066550339,38.95705525125161,2,1.375570381597046,14,0
5.420216469085436,32.55130842351541,1,1.6729399657369388,18,1
9.206570602486329,26.98480452920876,2,1.6276204885937606,11,1
3.5288253442230166,3.055609948150177,4,1.7045031079367556,19,1
3.5348366987726543,48.4559501021248,4,1.2770120996069372,13,0
7.401262356286509,40.13699539107415,3,0.7104867772902725,13,0
4.576957614809091,15.348279798347273,3,1.506736210069533,18,0
2.3235877471058215,49.01854613858368,3,1.430710677577956,7,0
4.579151209713665,30.49219789217978,1,1.6133797807986308,8,0
1.4944845017600188,29.538710252155077,4,0.754821509076103,6,0
1.846231166411611,37.65558579204707,2,0.7924627998504339,14,0
5.033840950120849,40.77671961641674,3,1.8356142758289926,7,0
4.247361950095024,33.16745175924363,2,1.624966697678106,15,1
9.15697442057419,7.276691571943801,2,1.8623427330504843,15,0
3.687699601254668,17.57510779373042,3,1.638072981745881,9,0
5.84782466775263,46.476098375976434,4,1.3957329589854528,9,1
6.359416450403351,12.006164980348744,3,1.4811991055418106,10,0
0.229635120224503,19.236184168038154,2,1.8336918859100149,17,1
6.669019982965435,22.171767264265604,3,1.3682101317679107,11,0
1.8625560720105392,22.530844495028155,2,1.448586986492581,11,0
9.614596142947606,31.03403954223175,2,0.7347150740054009,5,0
1.5717610047558184,47.21071604949067,3,1.210881830174154,18,0
4.204778824897534,12.793942879792743,1,1.5745956679371484,6,0
0.9449617139785742,6.953567438744985,3,0.9064140474745481,16,0
9.969055093274878,10.676054003136928,1,0.8033812707868024,13,0
5.071730602279302,44.459320110254204,2,0.9707402123366233,14,0
5.9943116714684335,32.6447298201051,2,0.8622509419892501,6,0
0.7640571261454321,15.009432672718846,1,0.8223689555545938,10,0
7.52460865695186,40.98140000946225,2,1.1372762643021304,15,0
2.178065371646299,43.207129821808365,1,1.8617577708253013,15,0
8.990737465463067,42.47920259582362,1,1.2605894701080773,5,0
2.130882440771871,46.02740014833817,2,0.7818805712229846,7,0
1.9878084345702993,13.359809988494717,4,0.6154575040713111,6,0
0.4618417116961393,37.997054508567636,1,1.544234217706888,7,1
4.773462756588993,23.56643536643286,3,1.0741981466545818,9,0
5.691927219299902,42.257929091613015,3,1.732746419878039,15,0
0.7505155303406884,36.69604318091905,2,1.4892661529611553,14,0
7.777723405280605,39.04592487848651,4,1.6943621758120528,10,1
4.587559464005473,33.151930046372506,2,0.9079190591276731,13,0
5.291463666343042,9.694009704015636,4,1.5385383836915871,16,1
4.463551194688458,27.706319025949977,1,0.8960929770405781,15,0
4.0675543026657275,49.2488172367009,1,1.9086027191754373,19,0
5.640439279951357,46.932015258358824,1,1.4545614223000616,19,0
1.636878434714054,3.115513054053572,1,0.9867677002630131,14,0
1.9010884919031843,9.07592597074242,3,0.9042677934384089,16,0
8.631677648033822,7.454709899273533,3,0.7863898776074653,16,0
9.466543075122964,36.57301558927948,2,1.5419614383405917,17,0
3.7957622311695545,41.07148116299031,4,0.828073419496891,8,0
2.7803722641211825,11.462056949222923,1,1.3929548988912335,11,0
6.475595478066256,25.786781954639622,1,0.8969525403880361,10,0
4.146468293871155,42.1944483725488,4,1.4929534171908028,6,0
0.3513249210374142,36.90727569354628,4,1.7224095928108087,14,1
1.6459107139252847,27.569623069100565,2,1.6670378647169797,15,1
7.188125065589236,29.92703683247987,4,1.6412769963961726,15,1
6.623347024910498,25.909666798897717,1,0.781583608538378,15,0
0.3682503257844866,15.579874114622209,1,0.632577420476778,19,1
2.2975244031361997,28.68607765009179,1,1.5484232427310785,19,0
2.387640486221907,34.75537980045444,1,1.052520820691527,12,0
6.7517381616274115,43.792822877179574,1,1.1485193396050208,11,0
0.29513432376820514,32.17827634498316,2,0.5467236391900866,19,0
1.130674961647281,38.29495531511474,1,0.8893646739125738,19,0
8.019169245194576,8.843510112774077,2,0.5505146058116961,11,0
1.8675921543379028,23.616316246569706,1,1.8187786589018715,18,0
6.562186467733559,1.4572493715275714,3,0.8650950248277958,19,0
2.458009532362593,13.087264361559528,3,1.336005754359512,12,0
1.0844697883175172,36.596624040537236,3,0.5584689809916956,16,0
2.5074046908945955,49.59868761611881,3,1.5002710869584872,16,0
7.250442625371026,5.8597268797735795,2,0.9845410186311407,17,0
8.571395034252228,20.673221477203125,2,1.8468787804364988,18,0
8.319176659213216,40.20347746625882,4,1.8321772834010537,15,0
4.032116943222703,10.997746096816043,1,0.9879359275426216,5,0
6.714042852049397,28.199162515812027,3,1.8514413435357018,19,0
2.1293445246166276,36.92049350545407,2,1.9942365102481683,17,0
3.0021625295840315,31.18328706274877,1,1.738123496185922,5,1
8.973724603359086,10.21321199615539,1,1.7673070216328435,12,0
0.22871904275628677,18.413843865601233,2,0.8735131041636348,8,1
0.946534455459234,39.405797439784465,3,1.3650535982866345,9,1
2.1580739259456707,28.157099192468813,4,0.6008838709510518,12,0
0.3626688183508152,1.2562510636027242,1,0.6423769052325046,9,0
1.8962108073889936,38.2885472413766,4,1.998338918049936,14,0
5.872111453599953,2.7302563920717144,3,0.9899588741388664,8,0
4.27210305086573,37.54095535383038,3,1.6222758680732696,16,1
8.93744993966205,10.921547448096634,4,1.7099975795402247,10,1
8.192691261210564,47.94560052584963,3,1.7870349065108437,17,1
3.4839917818089723,19.02909681380214,1,1.9964424461032348,19,1
2.668291990969796,17.019649200565876,4,0.8622447278853018,16,0
3.8589548408559424,8.295514466289788,3,0.5605262402895496,9,0
5.943919930896596,15.974606559020529,4,1.116787276991879,18,0
2.753830044146475,43.95588732958183,1,0.6951210047434204,11,0
6.279074187706427,49.82038254373512,3,0.5336388337430826,18,0
4.15317535669328,19.047166994835568,1,1.040640240712229,14,0
5.565267090434604,22.981920916772587,3,1.6756073766128545,11,0
4.417652638439635,36.381475971934115,2,1.3492710368376062,17,0
3.015211019464985,44.42359324278865,3,0.969166983815531,8,0
9.489687738925351,30.059172375152425,4,1.4815130082390795,16,0
7.659697362181632,20.184759210713636,3,0.8480272704632161,17,0
1.4871204400878804,21.218470201582562,1,0.5215721691081275,9,0
8.697832961389336,35.08528917834354,1,1.646530079654641,17,0
4.925568862670185,1.1576949166096555,3,1.4356146272960135,7,0
8.956067046251505,31.359877535532192,4,1.64345393675144,19,0
8.018567033878421,18.419157511626512,2,0.5584070250314984,8,0
4.309613694245411,39.91566923257713,4,1.7556794417459782,19,1
0.32244615236916224,5.556541351333475,2,1.4292893000544549,18,0
2.7599058579109665,29.821911080471136,1,1.3450930260689602,8,0
5.462178725142582,24.567671604420063,4,1.4369210721717973,7,0
6.371434376278858,32.473950769356144,2,1.7966498703025462,17,0
2.6530880857887027,4.1778261296654495,3,1.3804047598383606,14,0
1.4796251333209591,29.41920558397843,1,1.371425569832269,9,0
8.36580934431306,28.512744810016663,3,1.9860187355986487,9,0
9.845581588965166,28.472344626392374,1,1.635095250602852,15,1
5.30433280479659,30.570895663226285,4,1.1634407081767029,11,0
1.7996249298982048,34.146928924091746,4,1.5610955000493916,8,1
2.795842532541753,40.44446098435772,1,1.0838457075376828,17,0
0.2820676978199207,14.221215286282503,1,0.8433131937252485,8,1
9.15155818494894,41.42742109882304,1,1.3952778153316392,13,0
1.2657357206123974,25.41452843090923,4,1.8922731471709273,10,1
5.80751310759111,4.775855677582227,2,1.893709280023194,19,0
2.8131466848033395,3.8689955329549806,3,1.0128579171582355,8,0
5.586362224906354,17.37767761610698,3,1.2915161993325426,6,0
6.549061844683456,39.45995187846191,4,0.8174538478547918,10,0
8.314443856701295,35.67636580230487,3,1.9934466642483253,6,0
2.143570590429972,39.642133268947916,1,1.9716768618019036,9,0
0.20885870371895673,26.34618376563886,2,1.474263394561171,10,0
1.4551677376811922,22.569750899819038,3,1.7066210895162102,8,0
9.01018455429624,8.225173808607913,2,1.5726502419255501,18,1
8.751511767868902,17.081444926856268,1,1.3897373285592023,17,0
6.014389711486052,22.26694894251989,3,0.5800219954833465,7,0
6.045116918293168,5.341421054301245,4,1.1821465138289917,11,0
6.68386307800793,11.809985682849351,2,1.512179453251116,6,1
1.8361756583721511,30.313039409123203,1,1.516297420825527,17,1
9.152678264657101,37.0474925977203,2,1.0596839276335754,15,0
4.245828196431524,49.91902805825453,3,1.9125379799870459,18,0
3.893071429670025,46.722553235834326,3,0.7510355483551715,10,0
5.237285282300092,32.48569477722438,4,1.250539169323341,17,0
0.564963071073045,21.64115461140953,1,1.5363259648262342,8,1
1.7462053506851862,32.172690870703406,1,1.545703708837714,10,0
7.406532802621068,39.496929285931365,4,1.4729584351532234,8,0
0.9197068124587521,6.798473355245979,4,0.9129323201777902,8,0
6.071205883717243,21.085339595118125,1,0.734309853029933,19,0
2.5289561858450775,42.15031199614524,2,1.4539104902400664,8,0
3.954026579015568,19.807814644719155,2,1.3989531742091565,13,0
2.958067994029929,29.02174129013214,4,0.7690340154338615,11,0
3.6211598930029965,29.800698682247713,2,1.557708718355845,7,0
7.218554461324031,10.039336403548328,1,1.1827579876004846,7,0
3.041504984669433,18.74953664096213,3,1.5016408874047293,10,1
5.707405938939282,17.391053148354676,3,1.756050619655226,10,0
4.812898981771086,2.283638718071175,2,0.7545926428653847,8,0
6.670344537090217,2.185396430676407,4,0.528717301995255,19,0
9.374614419315105,41.7531551401129,4,1.66865387959368,19,0
7.352463762381478,14.380469688667809,4,1.414546137728924,13,1
2.227909748048492,26.385859545701955,4,1.5494593544331825,8,1
0.40871303710671825,15.637553105849879,4,1.7572324624829638,13,1
2.6964140385682684,47.09328301065168,2,1.7042164022367507,8,0
5.9912715139325226,13.705541184422913,3,1.941380220393237,6,0
0.6091155534940784,22.053183824207817,3,1.3039026182781774,6,0
5.014025847292239,43.76378227374549,2,1.232743448989858,9,0
6.008744204277203,42.254744772798624,4,1.102830799836095,8,0
3.409014519087912,10.118969474467589,2,0.7305365642663069,11,0
7.732030817083637,40.32952217998981,3,1.3589108493230335,18,0
1.155322706024341,23.45115745015674,1,0.9155187864889682,15,0
0.8438640391845067,24.665474732182407,2,1.881961268319463,9,1
7.309068686415673,7.540518648381245,4,1.3747862064156464,10,0
5.005364030441364,4.949474174099108,3,1.3892602707621653,14,0
6.915183724634587,36.669026041714496,3,1.032386991315515,8,0
4.404790652177088,25.326596465409686,3,0.5779840279665612,17,0
2.5393801290671574,22.405684428143797,3,0.5476156480594829,16,0
8.209112944974578,36.74590320396744,4,1.1350027162297962,6,0
8.014217201792896,38.51013205056438,1,0.6268480671458567,17,0
6.977495061458825,8.786500215798323,3,1.4102704333102087,14,0
2.794236858576631,30.901032324404422,2,1.821459508459486,13,1
5.943283602003962,7.632350031606591,1,1.8243722247780831,14,1
3.6736415797062656,37.81737921542324,3,1.4885681151983485,19,0
1.006662525933678,33.19080265708983,1,0.8168477472093965,11,0
9.181404397076204,47.87411643308944,2,1.794495247038308,8,0
1.4545044460977181,4.378942801464638,3,1.8291401529698121,7,1
9.507349802825944,3.7956813364114614,2,0.7949803774294381,14,0
4.515457152283761,14.827166659966807,4,1.6061391286560158,18,1
